source_slug,english_title,date_published,source_url,file,source_words,english_words,word_ratio,status
accesibilidad-digital-gobierno-centro-competencias-ucrania-2026,"Ukraine Centralizes Public Digital Accessibility: The Lesson Is Not to Copy a Portal, but to Build Capacity",2026-08-09,https://inklusion-blog.vercel.app/blog/accesibilidad-digital-gobierno-centro-competencias-ucrania-2026/,articles/accesibilidad-digital-gobierno-centro-competencias-ucrania-2026.md,1153,1155,1.00,translated
accesibilidad-web-seo-experiencia-usuario-mexico,Web Accessibility and SEO: How to Improve Rankings Without Excluding Users,2026-07-30,https://inklusion-blog.vercel.app/blog/accesibilidad-web-seo-experiencia-usuario-mexico/,articles/accesibilidad-web-seo-experiencia-usuario-mexico.md,1209,1260,1.04,translated
accesibilidad-web-wcag-aa-mexico,Web Accessibility WCAG AA in Mexico: A Guide for Businesses and Institutions,2026-07-27,https://inklusion-blog.vercel.app/blog/accesibilidad-web-wcag-aa-mexico/,articles/accesibilidad-web-wcag-aa-mexico.md,787,796,1.01,translated
ajustes-razonables-trabajo-discapacidad-mexico,Reasonable Accommodations at Work: A Guide for Companies in Mexico,2026-08-04,https://inklusion-blog.vercel.app/blog/ajustes-razonables-trabajo-discapacidad-mexico/,articles/ajustes-razonables-trabajo-discapacidad-mexico.md,2197,2377,1.08,translated
apple-intelligence-accesibilidad-2026-lecciones-empresas,Apple Brings AI to Its Accessibility Features: A Powerful Aid Does Not Fix an Inaccessible Product,2026-08-11,https://inklusion-blog.vercel.app/blog/apple-intelligence-accesibilidad-2026-lecciones-empresas/,articles/apple-intelligence-accesibilidad-2026-lecciones-empresas.md,1475,1498,1.02,translated
atencion-clientes-personas-discapacidad-protocolo-mexico,Customer Service for People with Disabilities: A Protocol for Companies in Mexico,2026-08-02,https://inklusion-blog.vercel.app/blog/atencion-clientes-personas-discapacidad-protocolo-mexico/,articles/atencion-clientes-personas-discapacidad-protocolo-mexico.md,1868,2004,1.07,translated
auditoria-accesibilidad-web-wcag-checklist-mexico,Web Accessibility Audit: WCAG Checklist for Companies in Mexico,2026-07-30,https://inklusion-blog.vercel.app/blog/auditoria-accesibilidad-web-wcag-checklist-mexico/,articles/auditoria-accesibilidad-web-wcag-checklist-mexico.md,1575,1633,1.04,translated
capacitacion-accesible-personas-discapacidad-checklist,How to Create Accessible Training for People with Disabilities: A Checklist for Companies,2026-08-06,https://inklusion-blog.vercel.app/blog/capacitacion-accesible-personas-discapacidad-checklist/,articles/capacitacion-accesible-personas-discapacidad-checklist.md,1726,1835,1.06,translated
como-crear-pdf-accesible-checklist-empresas,How to Create an Accessible PDF: A Checklist for Organizations,2026-08-05,https://inklusion-blog.vercel.app/blog/como-crear-pdf-accesible-checklist-empresas/,articles/como-crear-pdf-accesible-checklist-empresas.md,1564,1630,1.04,translated
comprar-software-accesible-checklist-proveedores,How to Buy Accessible Software: An Evaluation Checklist for Organizations,2026-08-07,https://inklusion-blog.vercel.app/blog/comprar-software-accesible-checklist-proveedores/,articles/comprar-software-accesible-checklist-proveedores.md,1696,1805,1.06,translated
costo-exclusion-laboral-discapacidad-mexico-2026,Excluding People with Disabilities from Employment Costs Mexico 251 Billion Pesos a Year: What Companies Must Change,2026-08-06,https://inklusion-blog.vercel.app/blog/costo-exclusion-laboral-discapacidad-mexico-2026/,articles/costo-exclusion-laboral-discapacidad-mexico-2026.md,1309,1366,1.04,translated
descripcion-puesto-inclusiva-discapacidad-guia,Inclusive job description: how to open a vacancy without lowering the standard,2026-08-17,https://inklusion-blog.vercel.app/blog/descripcion-puesto-inclusiva-discapacidad-guia/,articles/descripcion-puesto-inclusiva-discapacidad-guia.md,1504,1616,1.07,translated
diseno-universal-oficinas-comercios-checklist-mexico,Universal Design in Offices and Retail Spaces: A Checklist for Mexico,2026-07-31,https://inklusion-blog.vercel.app/blog/diseno-universal-oficinas-comercios-checklist-mexico/,articles/diseno-universal-oficinas-comercios-checklist-mexico.md,1565,1683,1.08,translated
empleos-futuro-inclusion-laboral-discapacidad-2026,Jobs of the Future and Workforce Inclusion: Hiring Is Not Enough If Talent Cannot Grow,2026-08-08,https://inklusion-blog.vercel.app/blog/empleos-futuro-inclusion-laboral-discapacidad-2026/,articles/empleos-futuro-inclusion-laboral-discapacidad-2026.md,1394,1392,1.00,translated
formularios-accesibles-checklist-wcag,"Accessible forms: a checklist so that signing up, buying, or asking for help is not an ordeal",2026-08-15,https://inklusion-blog.vercel.app/blog/formularios-accesibles-checklist-wcag/,articles/formularios-accesibles-checklist-wcag.md,1469,1567,1.07,translated
informe-webaim-million-2026-accesibilidad-web,WebAIM Million 2026: Web Accessibility Is Going Backwards and Companies Must Change Their Approach,2026-08-05,https://inklusion-blog.vercel.app/blog/informe-webaim-million-2026-accesibilidad-web/,articles/informe-webaim-million-2026-accesibilidad-web.md,1242,1288,1.04,translated
lenguaje-incluyente-discapacidad-guia-empresas-mexico,Inclusive Language on Disability: A Guide for Companies in Mexico,2026-08-03,https://inklusion-blog.vercel.app/blog/lenguaje-incluyente-discapacidad-guia-empresas-mexico/,articles/lenguaje-incluyente-discapacidad-guia-empresas-mexico.md,1976,2087,1.06,translated
liderazgo-inclusivo-discapacidad-apoyo-supervisor-estudio-2026,Supervisor Support Matters: Workplace Inclusion Is Also Decided in the Daily Relationship,2026-08-15,https://inklusion-blog.vercel.app/blog/liderazgo-inclusivo-discapacidad-apoyo-supervisor-estudio-2026/,articles/liderazgo-inclusivo-discapacidad-apoyo-supervisor-estudio-2026.md,1241,1257,1.01,translated
onboarding-inclusivo-personas-discapacidad-guia-90-dias,Inclusive Onboarding: How to Design the First 90 Days So Talent Can Actually Work,2026-08-14,https://inklusion-blog.vercel.app/blog/onboarding-inclusivo-personas-discapacidad-guia-90-dias/,articles/onboarding-inclusivo-personas-discapacidad-guia-90-dias.md,1359,1415,1.04,translated
personas-discapacidad-buscan-trabajo-ntide-julio-2026,More People with Disabilities Are Looking for Work: The Accessible Job Posting Can No Longer Wait,2026-08-14,https://inklusion-blog.vercel.app/blog/personas-discapacidad-buscan-trabajo-ntide-julio-2026/,articles/personas-discapacidad-buscan-trabajo-ntide-julio-2026.md,1156,1243,1.08,translated
plan-accesibilidad-web-90-dias-metricas-responsables,Web Accessibility Plan in 90 Days: From Audit to Fixes That Actually Reach Production,2026-08-12,https://inklusion-blog.vercel.app/blog/plan-accesibilidad-web-90-dias-metricas-responsables/,articles/plan-accesibilidad-web-90-dias-metricas-responsables.md,1289,1369,1.06,translated
plan-emergencia-inclusivo-discapacidad-empresas,"Inclusive Emergency Plan: How to Prepare Alerts, Evacuation, and Support Without Improvising",2026-08-13,https://inklusion-blog.vercel.app/blog/plan-emergencia-inclusivo-discapacidad-empresas/,articles/plan-emergencia-inclusivo-discapacidad-empresas.md,1272,1319,1.04,translated
politica-accesibilidad-digital-empresas-guia,Digital Accessibility Policy: 10 Decisions to Keep It from Being Filed Away,2026-08-09,https://inklusion-blog.vercel.app/blog/politica-accesibilidad-digital-empresas-guia/,articles/politica-accesibilidad-digital-empresas-guia.md,1420,1503,1.06,translated
presupuesto-accesibilidad-empresas-guia,"Accessibility Budget: How to Fund Remediation, Prevention, and Continuous Improvement",2026-08-16,https://inklusion-blog.vercel.app/blog/presupuesto-accesibilidad-empresas-guia/,articles/presupuesto-accesibilidad-empresas-guia.md,1389,1420,1.02,translated
prorroga-regla-ada-titulo-ii-accesibilidad-digital-2026,The U.S. Delays the ADA Title II Digital Accessibility Rule: The Extension Does Not Eliminate the Work,2026-08-07,https://inklusion-blog.vercel.app/blog/prorroga-regla-ada-titulo-ii-accesibilidad-digital-2026/,articles/prorroga-regla-ada-titulo-ii-accesibilidad-digital-2026.md,1264,1254,0.99,translated
pruebas-accesibilidad-con-usuarios-discapacidad-guia,Accessibility Testing with People with Disabilities: How to Learn Without Turning the Session into an Exam,2026-08-10,https://inklusion-blog.vercel.app/blog/pruebas-accesibilidad-con-usuarios-discapacidad-guia/,articles/pruebas-accesibilidad-con-usuarios-discapacidad-guia.md,1316,1363,1.04,translated
publicidad-inclusiva-discapacidad-estudio-2026,"Inclusive Advertising and Disability: Representation Works When It Shows Agency, Not Vulnerability",2026-08-16,https://inklusion-blog.vercel.app/blog/publicidad-inclusiva-discapacidad-estudio-2026/,articles/publicidad-inclusiva-discapacidad-estudio-2026.md,1226,1241,1.01,translated
quejas-discriminacion-laboral-discapacidad-eeoc-2025,Disability Discrimination at Work: Charges Rose in the U.S. — and the Data Demands a Look at Process,2026-08-17,https://inklusion-blog.vercel.app/blog/quejas-discriminacion-laboral-discapacidad-eeoc-2025/,articles/quejas-discriminacion-laboral-discapacidad-eeoc-2025.md,1258,1332,1.06,translated
reclutamiento-incluyente-personas-discapacidad-mexico,Inclusive Recruitment of People with Disabilities: A Guide for Companies in Mexico,2026-08-01,https://inklusion-blog.vercel.app/blog/reclutamiento-incluyente-personas-discapacidad-mexico/,articles/reclutamiento-incluyente-personas-discapacidad-mexico.md,1727,1843,1.07,translated
redes-sociales-accesibles-checklist-marketing,Accessible social media: a checklist for marketing teams,2026-08-08,https://inklusion-blog.vercel.app/blog/redes-sociales-accesibles-checklist-marketing/,articles/redes-sociales-accesibles-checklist-marketing.md,1793,1826,1.02,translated
reporte-discapacidad-empleo-resultados-empresas-2026,"Disability Employment Inclusion Needs Public Results, Not Another Corporate Promise",2026-08-13,https://inklusion-blog.vercel.app/blog/reporte-discapacidad-empleo-resultados-empresas-2026/,articles/reporte-discapacidad-empleo-resultados-empresas-2026.md,1113,1151,1.03,translated
reuniones-accesibles-checklist-eventos-hibridos,Accessible Meetings and Events: A Checklist for Not Improvising Inclusion Five Minutes Before,2026-08-11,https://inklusion-blog.vercel.app/blog/reuniones-accesibles-checklist-eventos-hibridos/,articles/reuniones-accesibles-checklist-eventos-hibridos.md,1517,1599,1.05,translated
salario-subminimo-discapacidad-estudio-empleo-2026,Eliminating the Subminimum Wage Did Not Cause the Predicted Labor Collapse: What the Transition Actually Demands,2026-08-12,https://inklusion-blog.vercel.app/blog/salario-subminimo-discapacidad-estudio-empleo-2026/,articles/salario-subminimo-discapacidad-estudio-empleo-2026.md,1186,1202,1.01,translated
wcag-em-2-evaluacion-accesibilidad-productos-digitales-2026,WCAG-EM 2 Expands Accessibility Evaluation: the Product No Longer Ends at the Web Page,2026-08-10,https://inklusion-blog.vercel.app/blog/wcag-em-2-evaluacion-accesibilidad-productos-digitales-2026/,articles/wcag-em-2-evaluacion-accesibilidad-productos-digitales-2026.md,1196,1222,1.02,translated
